{"cameraMode":{"drawMode":0,"name":"Shaded","section":"Shading Mode"},"sceneLighting":true,"audioPlay":false,"sceneViewState":{"showFog":true,"showMaterialUpdate":false,"showSkybox":false,"showFlares":true,"showImageEffects":true,"showParticleSystems":true},"in2DMode":false,"pivot":{"x":23.43831443786621,"y":-0.757929801940918,"z":1.0473086833953858},"rotation":{"x":-0.09759403020143509,"y":0.03492195904254913,"z":-0.0034271851181983949,"w":-0.9946096539497376},"size":0.4189329743385315,"orthographic":false}