{"cameraMode":{"drawMode":0,"name":"Shaded","section":"Shading Mode"},"sceneLighting":false,"audioPlay":false,"sceneViewState":{"showFog":true,"showMaterialUpdate":false,"showSkybox":false,"showFlares":true,"showImageEffects":true,"showParticleSystems":true},"in2DMode":false,"pivot":{"x":0.06460976600646973,"y":1.2649940252304078,"z":0.05739527940750122},"rotation":{"x":-0.13277550041675569,"y":0.17505007982254029,"z":-0.023831496015191079,"w":-0.9752740263938904},"size":2.3511250019073488,"orthographic":false}