{"cameraMode":{"drawMode":0,"name":"Shaded","section":"Shading Mode"},"sceneLighting":false,"audioPlay":false,"sceneViewState":{"showFog":true,"showMaterialUpdate":false,"showSkybox":true,"showFlares":true,"showImageEffects":true,"showParticleSystems":true},"in2DMode":false,"pivot":{"x":1.227582573890686,"y":0.1371159553527832,"z":2.068397045135498},"rotation":{"x":-0.005690178368240595,"y":-0.0056812940165400509,"z":-0.00006032571764080785,"w":1.000014066696167},"size":1.973337173461914,"orthographic":false}