{"cameraMode":{"drawMode":0,"name":"Shaded","section":"Shading Mode"},"sceneLighting":true,"audioPlay":false,"sceneViewState":{"showFog":true,"showMaterialUpdate":false,"showSkybox":true,"showFlares":true,"showImageEffects":true,"showParticleSystems":true},"in2DMode":false,"pivot":{"x":-0.2866549491882324,"y":0.5614175796508789,"z":-0.03176450729370117},"rotation":{"x":-0.06339208781719208,"y":0.9036657810211182,"z":-0.14380288124084474,"w":-0.39835962653160097},"size":2.1073949337005617,"orthographic":false}