{"cameraMode":{"drawMode":0,"name":"Shaded","section":"Shading Mode"},"sceneLighting":true,"audioPlay":false,"sceneViewState":{"showFog":true,"showMaterialUpdate":false,"showSkybox":true,"showFlares":true,"showImageEffects":true,"showParticleSystems":true},"in2DMode":false,"pivot":{"x":0.3886258006095886,"y":1.4294946193695069,"z":2.0709023475646974},"rotation":{"x":-0.009300160221755505,"y":-0.04288845881819725,"z":0.00039714211015962064,"w":-0.9990407824516296},"size":2.6221461296081545,"orthographic":false}