{"cameraMode":{"drawMode":0,"name":"Shaded","section":"Shading Mode"},"sceneLighting":true,"audioPlay":false,"sceneViewState":{"showFog":true,"showMaterialUpdate":true,"showSkybox":true,"showFlares":true,"showImageEffects":true,"showParticleSystems":true},"in2DMode":false,"pivot":{"x":-0.44996047019958498,"y":1.1536452770233155,"z":6.574719429016113},"rotation":{"x":-0.17060056328773499,"y":0.42892545461654665,"z":-0.08285187929868698,"w":-0.8832108378410339},"size":1.5756175518035889,"orthographic":false}