{"cameraMode":{"drawMode":0,"name":"Shaded","section":"Shading Mode"},"sceneLighting":true,"audioPlay":false,"sceneViewState":{"showFog":true,"showMaterialUpdate":false,"showSkybox":true,"showFlares":true,"showImageEffects":true,"showParticleSystems":true},"in2DMode":false,"pivot":{"x":19.06796646118164,"y":-0.05990079045295715,"z":1.4969723224639893},"rotation":{"x":-0.05277961865067482,"y":0.0140767153352499,"z":-0.0007446747040376067,"w":-0.9985138773918152},"size":1.6219515800476075,"orthographic":false}