{"cameraMode":{"drawMode":0,"name":"Shaded","section":"Shading Mode"},"sceneLighting":true,"audioPlay":false,"sceneViewState":{"showFog":true,"showMaterialUpdate":false,"showSkybox":true,"showFlares":true,"showImageEffects":true,"showParticleSystems":true},"in2DMode":false,"pivot":{"x":27.358680725097658,"y":-2.6615841388702394,"z":18.046579360961915},"rotation":{"x":-0.082700714468956,"y":0.01853233203291893,"z":-0.0015381943667307497,"w":-0.9964009523391724},"size":9.979750633239746,"orthographic":false}