{"cameraMode":{"drawMode":0,"name":"Shaded","section":"Shading Mode"},"sceneLighting":true,"audioPlay":false,"sceneViewState":{"showFog":true,"showMaterialUpdate":true,"showSkybox":true,"showFlares":true,"showImageEffects":true,"showParticleSystems":true},"in2DMode":false,"pivot":{"x":0.9135360717773438,"y":2.140756130218506,"z":1.9517760276794434},"rotation":{"x":-0.004499785602092743,"y":-0.014398591592907906,"z":-0.00006619506166316569,"w":0.9998883008956909},"size":4.451007843017578,"orthographic":false}