{"cameraMode":{"drawMode":0,"name":"Shaded","section":"Shading Mode"},"sceneLighting":false,"audioPlay":false,"sceneViewState":{"showFog":true,"showMaterialUpdate":false,"showSkybox":false,"showFlares":true,"showImageEffects":true,"showParticleSystems":true},"in2DMode":false,"pivot":{"x":2.5934219360351564,"y":3.4110000133514406,"z":1.4459999799728394},"rotation":{"x":-0.046793438494205478,"y":0.0005959347472526133,"z":-0.000026132298444281332,"w":-0.9989096522331238},"size":0.12468663603067398,"orthographic":false}