{"cameraMode":{"drawMode":0,"name":"Shaded","section":"Shading Mode"},"sceneLighting":true,"audioPlay":false,"sceneViewState":{"showFog":true,"showMaterialUpdate":false,"showSkybox":false,"showFlares":true,"showImageEffects":true,"showParticleSystems":true},"in2DMode":false,"pivot":{"x":31.809223175048829,"y":3.949272632598877,"z":3.5618975162506105},"rotation":{"x":-0.04228721931576729,"y":0.023073604330420495,"z":-0.000976814772002399,"w":-0.9988486766815186},"size":6.722987651824951,"orthographic":false}