{"cameraMode":{"drawMode":0,"name":"Shaded","section":"Shading Mode"},"sceneLighting":true,"audioPlay":false,"sceneViewState":{"showFog":true,"showMaterialUpdate":false,"showSkybox":false,"showFlares":true,"showImageEffects":true,"showParticleSystems":true},"in2DMode":false,"pivot":{"x":14.535834312438965,"y":0.019117087125778199,"z":5.1991376876831059},"rotation":{"x":-0.01680048741400242,"y":0.03208811953663826,"z":-0.000538489839527756,"w":-0.9993572235107422},"size":3.665405035018921,"orthographic":false}