{"cameraMode":{"drawMode":0,"name":"Shaded","section":"Shading Mode"},"sceneLighting":true,"audioPlay":false,"sceneViewState":{"showFog":true,"showMaterialUpdate":false,"showSkybox":true,"showFlares":true,"showImageEffects":true,"showParticleSystems":true},"in2DMode":false,"pivot":{"x":0.5439705848693848,"y":-0.8166176080703735,"z":1.5116571187973023},"rotation":{"x":-0.049788348376750949,"y":-0.005396002903580666,"z":0.0002690342371352017,"w":-0.9987461566925049},"size":0.5376232862472534,"orthographic":false}