{"cameraMode":{"drawMode":0,"name":"Shaded","section":"Shading Mode"},"sceneLighting":true,"audioPlay":false,"sceneViewState":{"showFog":true,"showMaterialUpdate":false,"showSkybox":true,"showFlares":true,"showImageEffects":true,"showParticleSystems":true},"in2DMode":false,"pivot":{"x":6.501883506774902,"y":-2.730668544769287,"z":15.567022323608399},"rotation":{"x":-0.0975508987903595,"y":-0.04566730186343193,"z":0.004481042269617319,"w":-0.9941721558570862},"size":10.0,"orthographic":false}