{"cameraMode":{"drawMode":0,"name":"Shaded","section":"Shading Mode"},"sceneLighting":true,"audioPlay":false,"sceneViewState":{"showFog":true,"showMaterialUpdate":false,"showSkybox":true,"showFlares":true,"showImageEffects":true,"showParticleSystems":true},"in2DMode":false,"pivot":{"x":-11.066650390625,"y":-2.770602226257324,"z":-0.009944383054971695},"rotation":{"x":-0.12286858260631561,"y":0.6951554417610169,"z":-0.12240178883075714,"w":-0.6976582407951355},"size":8.078269958496094,"orthographic":false}