{"cameraMode":{"drawMode":0,"name":"Shaded","section":"Shading Mode"},"sceneLighting":true,"audioPlay":false,"sceneViewState":{"showFog":true,"showMaterialUpdate":false,"showSkybox":true,"showFlares":true,"showImageEffects":true,"showParticleSystems":true},"in2DMode":false,"pivot":{"x":-6.902175426483154,"y":4.415201187133789,"z":-2.8643054962158205},"rotation":{"x":-0.026430156081914903,"y":0.2512778341770172,"z":-0.00686072651296854,"w":-0.9675342440605164},"size":8.162949562072754,"orthographic":false}