{"cameraMode":{"drawMode":0,"name":"Shaded","section":"Shading Mode"},"sceneLighting":false,"audioPlay":false,"sceneViewState":{"showFog":true,"showMaterialUpdate":false,"showSkybox":false,"showFlares":true,"showImageEffects":true,"showParticleSystems":true},"in2DMode":false,"pivot":{"x":11.068397521972657,"y":-0.795137345790863,"z":0.7839999794960022},"rotation":{"x":-0.12150285392999649,"y":-0.00982939638197422,"z":0.0012033897219225765,"w":-0.9925429224967957},"size":0.23274767398834229,"orthographic":false}