{"cameraMode":{"drawMode":0,"name":"Shaded","section":"Shading Mode"},"sceneLighting":false,"audioPlay":false,"sceneViewState":{"showFog":true,"showMaterialUpdate":false,"showSkybox":true,"showFlares":true,"showImageEffects":true,"showParticleSystems":true},"in2DMode":false,"pivot":{"x":23.113666534423829,"y":-1.2659142017364503,"z":4.471384525299072},"rotation":{"x":-0.07823096960783005,"y":-0.0008985967724584043,"z":0.0000666793785057962,"w":-0.9969455599784851},"size":2.670825719833374,"orthographic":false}