{"cameraMode":{"drawMode":0,"name":"Shaded","section":"Shading Mode"},"sceneLighting":true,"audioPlay":false,"sceneViewState":{"showFog":true,"showMaterialUpdate":false,"showSkybox":true,"showFlares":true,"showImageEffects":true,"showParticleSystems":true},"in2DMode":false,"pivot":{"x":-5.797764301300049,"y":3.109304666519165,"z":12.248403549194336},"rotation":{"x":-0.07029934227466583,"y":-0.2117200791835785,"z":-0.015268320217728615,"w":0.9746856689453125},"size":8.481966018676758,"orthographic":false}