{"cameraMode":{"drawMode":0,"name":"Shaded","section":"Shading Mode"},"sceneLighting":true,"audioPlay":false,"sceneViewState":{"showFog":true,"showMaterialUpdate":false,"showSkybox":false,"showFlares":true,"showImageEffects":true,"showParticleSystems":true},"in2DMode":false,"pivot":{"x":15.51060676574707,"y":0.6654012203216553,"z":1.6668791770935059},"rotation":{"x":0.3135890066623688,"y":0.03474113345146179,"z":0.011481930501759053,"w":-0.9488580822944641},"size":1.7984776496887208,"orthographic":false}