{"cameraMode":{"drawMode":0,"name":"Shaded","section":"Shading Mode"},"sceneLighting":false,"audioPlay":false,"sceneViewState":{"showFog":true,"showMaterialUpdate":false,"showSkybox":true,"showFlares":true,"showImageEffects":true,"showParticleSystems":true},"in2DMode":false,"pivot":{"x":4.069242477416992,"y":2.675266742706299,"z":6.979167461395264},"rotation":{"x":-0.05578310787677765,"y":-0.0023974955547600986,"z":0.00011255488061578944,"w":-0.9984859228134155},"size":2.7427456378936769,"orthographic":false}