{"cameraMode":{"drawMode":0,"name":"Shaded","section":"Shading Mode"},"sceneLighting":false,"audioPlay":false,"sceneViewState":{"showFog":true,"showMaterialUpdate":false,"showSkybox":true,"showFlares":true,"showImageEffects":true,"showParticleSystems":true},"in2DMode":false,"pivot":{"x":-21.99966049194336,"y":0.60524582862854,"z":10.550238609313965},"rotation":{"x":-0.12149487435817719,"y":0.016969259828329088,"z":-0.0020951011683791878,"w":-0.9924808740615845},"size":8.083272933959961,"orthographic":false}