{"cameraMode":{"drawMode":0,"name":"Shaded","section":"Shading Mode"},"sceneLighting":false,"audioPlay":false,"sceneViewState":{"showFog":true,"showMaterialUpdate":false,"showSkybox":true,"showFlares":true,"showImageEffects":true,"showParticleSystems":true},"in2DMode":false,"pivot":{"x":7.037708282470703,"y":5.166076183319092,"z":7.670603275299072},"rotation":{"x":-0.01830940879881382,"y":0.0020991957280784847,"z":-0.00005911849802942015,"w":-0.9998775124549866},"size":6.363875389099121,"orthographic":false}