{"cameraMode":{"drawMode":0,"name":"Shaded","section":"Shading Mode"},"sceneLighting":false,"audioPlay":false,"sceneViewState":{"showFog":true,"showMaterialUpdate":false,"showSkybox":true,"showFlares":true,"showImageEffects":true,"showParticleSystems":true},"in2DMode":false,"pivot":{"x":9.393507957458496,"y":1.1640894412994385,"z":6.759177207946777},"rotation":{"x":-0.11253690719604492,"y":0.02593006193637848,"z":-0.0029588034376502039,"w":-0.9933516383171082},"size":2.2317581176757814,"orthographic":false}