{"cameraMode":{"drawMode":0,"name":"Shaded","section":"Shading Mode"},"sceneLighting":true,"audioPlay":false,"sceneViewState":{"showFog":true,"showMaterialUpdate":false,"showSkybox":true,"showFlares":true,"showImageEffects":true,"showParticleSystems":true},"in2DMode":false,"pivot":{"x":5.393161773681641,"y":0.8834511041641235,"z":4.909698486328125},"rotation":{"x":0.020677903667092325,"y":-0.03239072859287262,"z":-0.0006708579021506012,"w":-0.9992673397064209},"size":4.859060287475586,"orthographic":false}