{"cameraMode":{"drawMode":0,"name":"Shaded","section":"Shading Mode"},"sceneLighting":true,"audioPlay":false,"sceneViewState":{"showFog":true,"showMaterialUpdate":false,"showSkybox":false,"showFlares":true,"showImageEffects":true,"showParticleSystems":true},"in2DMode":false,"pivot":{"x":20.51099967956543,"y":0.8230000138282776,"z":1.090000033378601},"rotation":{"x":-0.030298279598355295,"y":0.02158542163670063,"z":-0.0006554911378771067,"w":-0.9993130564689636},"size":1.2973062992095948,"orthographic":false}