{"cameraMode":{"drawMode":0,"name":"Shaded","section":"Shading Mode"},"sceneLighting":true,"audioPlay":false,"sceneViewState":{"showFog":true,"showMaterialUpdate":false,"showSkybox":false,"showFlares":true,"showImageEffects":true,"showParticleSystems":true},"in2DMode":false,"pivot":{"x":16.529644012451173,"y":0.3571200966835022,"z":-2.2160542011260988},"rotation":{"x":-0.08549328148365021,"y":0.07077629864215851,"z":-0.006067718844860792,"w":-0.9938384890556336},"size":-1.1073806285858155,"orthographic":false}