{"cameraMode":{"drawMode":0,"name":"Shaded","section":"Shading Mode"},"sceneLighting":false,"audioPlay":false,"sceneViewState":{"showFog":true,"showMaterialUpdate":false,"showSkybox":false,"showFlares":true,"showImageEffects":true,"showParticleSystems":true},"in2DMode":false,"pivot":{"x":24.44852066040039,"y":0.1773991882801056,"z":0.5600000023841858},"rotation":{"x":-0.0284860972315073,"y":-0.6883360147476196,"z":0.027074771001935006,"w":-0.7243571877479553},"size":0.21116787195205689,"orthographic":false}