{"cameraMode":{"drawMode":0,"name":"Shaded","section":"Shading Mode"},"sceneLighting":false,"audioPlay":false,"sceneViewState":{"showFog":true,"showMaterialUpdate":false,"showSkybox":true,"showFlares":true,"showImageEffects":true,"showParticleSystems":true},"in2DMode":false,"pivot":{"x":23.517518997192384,"y":0.2989563047885895,"z":0.5939488410949707},"rotation":{"x":-0.039299387484788898,"y":0.0035938832443207504,"z":-0.0001411572884535417,"w":-0.9992226362228394},"size":2.8219003677368166,"orthographic":false}